time	mcs	nss	bw	rssi	throughput_monitor	datarate	pktlost_ack	nbpkt_monitor	retry	nbpkt_ack	pktlost_seq_initial	pktlost_seq_new	distance	antenna	LoS
8.133997	7.0	3.0	80.0	-59.376038	24662824.481191	975.0	0.0	843.0	3.0	1301.0	125.0	25035.0	3	horizontal	1
8.234386	7.0	3.0	80.0	-59.402335	27673900.754944	975.0	8.0	942.0	21.0	1365.0	119.0	25020.0	3	horizontal	1
8.334639	7.0	3.0	80.0	-59.507229	24264413.732957	975.0	1.0	830.0	6.0	1329.0	146.0	33274.0	3	horizontal	1
8.436059	7.0	3.0	80.0	-59.325153	28537675.284523	975.0	0.0	978.0	10.0	1355.0	125.0	29061.0	3	horizontal	1
##	1994.0	6730.0	0.296285										3	horizontal	1
